<?xml version="1.0" encoding="UTF-8"?>
<module rename-to='gpsemulator'>
  <!-- Inherit the core Web Toolkit stuff.                        -->
  <inherits name='com.google.gwt.user.User'/>

  <!-- Inherit the GWT Google Maps stuff.                         -->
  <inherits name='com.google.gwt.maps.Maps' />

  <!-- Inherit the default GWT style sheet.  You can change       -->
  <!-- the theme of your GWT application by uncommenting          -->
  <!-- any one of the following lines.                            -->
  <inherits name='com.google.gwt.user.theme.standard.Standard'/>
  <!-- <inherits name='com.google.gwt.user.theme.chrome.Chrome'/> -->
  <!-- <inherits name='com.google.gwt.user.theme.dark.Dark'/>     -->

  <!-- Other module inherits                                      -->

  <!-- Specify the app entry point class.                         -->
  <entry-point class='com.dpdearing.sandbox.gpsemulator.client.GpsEmulator'/>

  <!-- Specify the paths for translatable code                    -->
  <source path='client'/>
  <source path='common'/>

</module>
